{
  "architecture": "EP\u03a9-7 Biocrystalline Kinetics",
  "temperature_K": 310.15,
  "phi_constant": 1.618033988749895,
  "biomineralization_coherence": 0.23606797749978967,
  "crystals": {
    "SiO2": {
      "crystal_type": "SiO2",
      "k_cat_gamma_per_day": 0.01909830056250526,
      "N_max_per_neuron": 16180339.887498949,
      "E_a_gamma_J": 27811.529493745267,
      "arrhenius_factor": 2.0696019792291917e-05,
      "k_effective_per_day": 3.952588064407487e-07,
      "saturation_99_days": 11651024.875212817,
      "time_days": [
        0.0,
        0.5050505050505051,
        1.0101010101010102,
        1.5151515151515151,
        2.0202020202020203,
        2.5252525252525255,
        3.0303030303030303,
        3.5353535353535355,
        4.040404040404041,
        4.545454545454546,
        5.050505050505051,
        5.555555555555556,
        6.0606060606060606,
        6.565656565656566,
        7.070707070707071,
        7.575757575757576,
        8.080808080808081,
        8.585858585858587,
        9.090909090909092,
        9.595959595959597,
        10.101010101010102,
        10.606060606060607,
        11.111111111111112,
        11.616161616161618,
        12.121212121212121,
        12.626262626262626,
        13.131313131313131,
        13.636363636363637,
        14.141414141414142,
        14.646464646464647,
        15.151515151515152,
        15.656565656565657,
        16.161616161616163,
        16.666666666666668,
        17.171717171717173,
        17.67676767676768,
        18.181818181818183,
        18.68686868686869,
        19.191919191919194,
        19.6969696969697,
        20.202020202020204,
        20.70707070707071,
        21.212121212121215,
        21.71717171717172,
        22.222222222222225,
        22.72727272727273,
        23.232323232323235,
        23.73737373737374,
        24.242424242424242,
        24.747474747474747,
        25.252525252525253,
        25.757575757575758,
        26.262626262626263,
        26.767676767676768,
        27.272727272727273,
        27.77777777777778,
        28.282828282828284,
        28.78787878787879,
        29.292929292929294,
        29.7979797979798,
        30.303030303030305,
        30.80808080808081,
        31.313131313131315,
        31.81818181818182,
        32.323232323232325,
        32.82828282828283,
        33.333333333333336,
        33.83838383838384,
        34.343434343434346,
        34.84848484848485,
        35.35353535353536,
        35.85858585858586,
        36.36363636363637,
        36.86868686868687,
        37.37373737373738,
        37.87878787878788,
        38.38383838383839,
        38.88888888888889,
        39.3939393939394,
        39.8989898989899,
        40.40404040404041,
        40.909090909090914,
        41.41414141414142,
        41.919191919191924,
        42.42424242424243,
        42.929292929292934,
        43.43434343434344,
        43.939393939393945,
        44.44444444444445,
        44.949494949494955,
        45.45454545454546,
        45.959595959595966,
        46.46464646464647,
        46.969696969696976,
        47.47474747474748,
        47.979797979797986,
        48.484848484848484,
        48.98989898989899,
        49.494949494949495,
        50.0
      ],
      "density_per_neuron": [
        0.0,
        3.2300107039591817,
        6.46002076301845,
        9.690030177177805,
        12.920038946437247,
        16.150047070796774,
        19.38005455025639,
        22.610061384816092,
        25.840067576272258,
        29.07007312103213,
        32.300078020892094,
        35.53008227764852,
        38.760085887708655,
        41.99008885466525,
        45.22009117672194,
        48.45009285208233,
        51.68009388433919,
        54.91009427169614,
        58.14009401415317,
        61.37009311171029,
        64.60009156436749,
        67.83008937212479,
        71.06008653498216,
        74.29008305293962,
        77.52007892779356,
        80.7500741559512,
        83.98006873920892,
        87.2100626793631,
        90.44005597282101,
        93.67004862317538,
        96.90004062683344,
        100.13003198738798,
        103.3600227030426,
        106.59001277379731,
        109.82000219965211,
        113.04999098060699,
        116.27997911666196,
        119.509966607817,
        122.73995345407215,
        125.96993965542738,
        129.1999252118827,
        132.4299101234381,
        135.65989439188996,
        138.88987801364556,
        142.1198609922976,
        145.34984332425333,
        148.57982501310553,
        151.80980605705784,
        155.03978645431386,
        158.26976620846634,
        161.4997453177189,
        164.72972378207155,
        167.95970160152427,
        171.18967877607707,
        174.41965530572998,
        177.64963119048298,
        180.87960643213245,
        184.1095810270856,
        187.33955497713885,
        190.56952828408856,
        193.799500944342,
        197.02947296149188,
        200.25944433374187,
        203.48941505929554,
        206.7193851417457,
        209.94935457929594,
        213.17932337194625,
        216.40929151969667,
        219.63925902254718,
        222.86922588049777,
        226.09919209354842,
        229.32915766169918,
        232.55912258495002,
        235.78908686509732,
        239.01905049854835,
        242.24901348889583,
        245.478975832547,
        248.70893753309466,
        251.93889858694604,
        255.16885899769386,
        258.3988187635418,
        261.62877788448975,
        264.8587363605379,
        268.08869419168605,
        271.3186513779343,
        274.54860791928263,
        277.77856381573105,
        281.0085190672796,
        284.2384736757246,
        287.46842763747327,
        290.69838095611846,
        293.9283336280673,
        297.15828565691265,
        300.38823703906166,
        303.6181877781072,
        306.8481378722528,
        310.07808732149846,
        313.3080361258442,
        316.53798428529007,
        319.767931799836
      ]
    },
    "Fe3O4": {
      "crystal_type": "Fe3O4",
      "k_cat_gamma_per_day": 0.030557280900008414,
      "N_max_per_neuron": 8090169.943749474,
      "E_a_gamma_J": 27811.529493745267,
      "arrhenius_factor": 2.0696019792291917e-05,
      "k_effective_per_day": 6.324140903051979e-07,
      "saturation_99_days": 7281890.547008011,