{
  "E_total_J": 34441.853748633366,
  "E_protocol_J": -0.0,
  "E_nanogpt_J": 3.507486930826566e-10,
  "protocol_state": {
    "energy_J": -0.0,
    "coherence": 1.0,
    "phase": "\u0393-0"
  },
  "nanogpt_state": {
    "energy_J": 3.507486930826566e-10,
    "parameters": 918272,
    "coherence": 0.38196601125010515
  },
  "coherence_gamma_5": 4.850717712183742e-38
}