{
  "timestamp": "2026-02-04T00:55:36.108080Z",
  "phase": "\u0393-5",
  "coherence_phi": 0.09016994374947422,
  "network_topology": {
    "n_quantum_dots": 1000,
    "spatial_dimension": 2.618,
    "coupling_range_nm": 500.0
  },
  "photonic_properties": {
    "emission_wavelength_nm": 650.0,
    "quantum_yield": 0.85,
    "radiative_lifetime_ns": 25.0,
    "spectrum": {
      "energies_eV": [
        1.4,
        1.4050251256281405,
        1.4100502512562814,
        1.415075376884422,
        1.4201005025125628,
        1.4251256281407034,
        1.430150753768844,
        1.4351758793969849,
        1.4402010050251255,
        1.4452261306532663,
        1.450251256281407,
        1.4552763819095476,
        1.4603015075376884,
        1.465326633165829,
        1.4703517587939698,
        1.4753768844221105,
        1.480402010050251,
        1.485427135678392,
        1.4904522613065325,
        1.4954773869346734,
        1.500502512562814,
        1.5055276381909546,
        1.5105527638190954,
        1.515577889447236,
        1.5206030150753769,
        1.5256281407035175,
        1.530653266331658,
        1.535678391959799,
        1.5407035175879396,
        1.5457286432160804,
        1.550753768844221,
        1.5557788944723616,
        1.5608040201005025,
        1.565829145728643,
        1.570854271356784,
        1.5758793969849245,
        1.5809045226130651,
        1.585929648241206,
        1.5909547738693466,
        1.5959798994974874,
        1.601005025125628,
        1.6060301507537686,
        1.6110552763819095,
        1.61608040201005,
        1.621105527638191,
        1.6261306532663315,
        1.6311557788944722,
        1.636180904522613,
        1.6412060301507536,
        1.6462311557788945,
        1.651256281407035,
        1.6562814070351757,
        1.6613065326633165,
        1.6663316582914571,
        1.671356783919598,
        1.6763819095477386,
        1.6814070351758792,
        1.68643216080402,
        1.6914572864321606,
        1.6964824120603015,
        1.701507537688442,
        1.7065326633165827,
        1.7115577889447235,
        1.7165829145728642,
        1.721608040201005,
        1.7266331658291456,
        1.7316582914572862,
        1.736683417085427,
        1.7417085427135677,
        1.7467336683417085,
        1.7517587939698491,
        1.7567839195979897,
        1.7618090452261306,
        1.7668341708542712,
        1.771859296482412,
        1.7768844221105526,
        1.7819095477386933,
        1.786934673366834,
        1.791959798994975,
        1.7969849246231155,
        1.8020100502512562,
        1.8070351758793968,
        1.8120603015075376,
        1.8170854271356784,
        1.822110552763819,
        1.8271356783919597,
        1.8321608040201003,
        1.8371859296482411,
        1.842211055276382,
        1.8472361809045226,
        1.8522613065326632,
        1.8572864321608038,
        1.8623115577889446,
        1.8673366834170855,
        1.872361809045226,
        1.8773869346733667,
        1.8824120603015073,
        1.8874371859296482,
        1.892462311557789,
        1.8974874371859296,
        1.9025125628140702,
        1.9075376884422108,
        1.9125628140703517,
        1.9175879396984925,
        1.9226130653266331,
        1.9276381909547737,
        1.9326633165829143,
        1.9376884422110552,
        1.942713567839196,
        1.9477386934673366,
        1.9527638190954772,
        1.9577889447236179,
        1.9628140703517587,
        1.9678391959798995,
        1.9728643216080402,
        1.9778894472361808,
        1.9829145728643214,
        1.9879396984924622,
        1.992964824120603,
        1.9979899497487437,
        2.0030150753768843,
        2.008040201005025,
        2.013065326633166,
        2.0180904522613066,
        2.023115577889447,
        2.028140703517588,
        2.0331658291457284,
        2.038190954773869,
        2.04321608040201,
        2.0482412060301507,
        2.0532663316582913,
        2.058291457286432,
        2.063316582914573,
        2.0683417085427136,
        2.073366834170854,
        2.078391959798995,
        2.0834170854271354,
        2.088442211055276,
        2.093467336683417,
        2.0984924623115577,
        2.1035175879396983,
        2.108542713567839,
        2.11356783919598,
        2.1185929648241206,
        2.1236180904522612,
        2.128643216080402,
        2.1336683417085425,
        2.138693467336683,
        2.143718592964824,
        2.1487437185929648,
        2.1537688442211054,
        2.1587939698492464,
        2.163819095477387,
        2.1688442211055277,
        2.1738693467336683,
        2.178894472361809,
        2.1839195979899495,
        2.18894472361809,
        2.193969849246231,
        2.198994974874372,
        2.2040201005025124,
        2.2090452261306535,
        2.214070351758794,
        2.2190954773869347,
        2.2241206030150753,
        2.229145728643216,
        2.2341708542713565,
        2.239195979899497,
        2.244221105527638,
        2.249246231155779,
        2.2542713567839194,
        2.2592964824120605,
        2.264321608040201,
        2.2693467336683417,
        2.2743718592964823,
        2.279396984924623,
        2.2844221105527636,
        2.289447236180904,
        2.2944723618090452,
        2.299497487437186,
        2.3045226130653265,
        2.3095477386934675,
        2.314572864321608,
        2.3195979899497488,
        2.3246231155778894,
        2.32964824120603,
        2.3346733668341706,
        2.339698492462311,
        2.3447236180904523,
        2.349748743718593,
        2.3547738693467335,
        2.3597989949748746,
        2.364824120603015,
        2.369849246231156,
        2.3748743718592964,
        2.379899497487437,
        2.3849246231155776,
        2.3899497487437187,
        2.3949748743718593,
        2.4
      ],