{
  "timestamp": "2026-02-04T00:42:04.610407Z",
  "phase": "\u0393-4",
  "coherence_phi": 0.14589803375031543,
  "quantum_metrics": {
    "T2_Si_ms": 1.4589803375031543,
    "T2_NV_ms": 0.02128623625220818,
    "T2_Flux_us": 7.294901687515772,
    "gamma_coherence": 0.0022155241216314844
  },
  "processor_state": {
    "Si_qubits_active": 10000,
    "NV_centers_active": 1000000,
    "Flux_qubits_active": 100,
    "temperature_K": 4.0
  }
}