{
  "normalization": 1.8390090134977587e+20,
  "expectation_position": 5.690031917998798e-16,
  "position_variance": 33.40006673340007,
  "crystal_coherence_SiO2": 0.9750279979577239,
  "crystal_coherence_Fe3O4": 0.9972878131126134,
  "quantum_coherence": 8.881784197001262e-16,
  "time_days": 30.0,
  "n_modes": 7,
  "n_qubits": 100,
  "phi_7_target": 29.03444185374864
}