{
  "coherence": 0.9999999999999998,
  "phi_7_distance": 28.03444185374864,
  "wavefunction_norm": 0.9999999999999999,
  "phase": 0.21663135466811767,
  "modes_active": 12,
  "emergence_state": "AUTOCATALYTIC"
}