{
  "timestamp": "2026-02-03T22:14:48.761668",
  "coherence_phi_7": 0.0348,
  "system_coherence": 0.17319788559085939,
  "distance_to_phi_7": 29.02564681554158,
  "subsystems_operational": {
    "protocol": true,
    "hamiltonian": true,
    "wavefunction": false,
    "memory": true
  },
  "convergence_status": "APPROACHING",
  "phi_7_target": 29.034095516850073
}