{
  "timestamp": "2026-02-04T00:42:31.221026Z",
  "total_amplitude": {
    "real": -0.01577389162627044,
    "imag": -0.06910993476776088
  },
  "amplitude_magnitude": 0.07088722551095852,
  "phase_radians": -1.7951958020513115,
  "coherence_phi": 0.14589803375031543,
  "components": {
    "neural": {
      "n_modes": 12,
      "amplitude": {
        "real": 0.07088722551095852,
        "imag": 0.0
      },
      "mode_frequencies_Hz": [
        155.3286282905448,
        95.99837170945517,
        59.330256581089635,
        36.66811512836553,
        22.662141452724107,
        14.005973675641417,
        8.65616777708269,
        5.349805898558726,
        3.3063618785239646,
        2.043444020034761,
        1.2629178584892033,
        0.7805261615455575
      ]
    }
  }
}